{"sourceFile": [{
      "name": "",
      "directive": [
        {
          "functionName": "myproject",
          "label": "",
          "functionLabel": "",
          "id": "1",
          "sourceFile": "\/home\/ro\/kaleido\/repo\/training-ML-FPGA-MarDelPlata-Argentina2025\/labs\/lab05\/hlsPrj\/student_qap_final\/myproject_prj\/solution1\/directives.tcl",
          "sourceLine": "6",
          "pragma": {
            "name": "TOP",
            "option": [{
                "name": "name",
                "value": "myproject"
              }]
          }
        },
        {
          "functionName": "myproject",
          "label": "",
          "functionLabel": "",
          "id": "2",
          "sourceFile": "\/home\/ro\/kaleido\/repo\/training-ML-FPGA-MarDelPlata-Argentina2025\/labs\/lab05\/hlsPrj\/student_qap_final\/myproject_prj\/solution1\/csynth.tcl",
          "sourceLine": "20",
          "pragma": {
            "name": "TOP",
            "option": [{
                "name": "name",
                "value": "myproject"
              }]
          }
        }
      ]
    }]}
